file_name,field,outputs_value,evaluate_value,comparison_result
"1.json","date","2024-07-28","2024-07-28","✅"
"1.json","invoice_number","T7290001032420","T7290001032420","✅"
"1.json","store_name","ヨウフクオナオシマルシェ カスカ テン","ヨウフクオナオシマルシェ","✅"
"1.json","tax_10_amount","150","1650","❌"
"1.json","tax_8_amount","0","0","✅"
"1.json","total_amount","1650","1650","✅"
"2.json","date","2024-07-28","2024-07-28","✅"
"2.json","invoice_number","","T7290002023922","❌"
"2.json","store_name","マクドナルド那珂川店","マクドナルド","✅"
"2.json","tax_10_amount","0","0","✅"
"2.json","tax_8_amount","3050","3050","✅"
"2.json","total_amount","3050","3050","✅"
"3.json","date","2024-07-27","2024-07-27","✅"
"3.json","invoice_number","T4290001082071","T4290001082071","✅"
"3.json","store_name","福岡空港 国内線駐車場","福岡国際空港","✅"
"3.json","tax_10_amount","1000","1000","✅"
"3.json","tax_8_amount","0","0","✅"
"3.json","total_amount","1000","1000","✅"
"4.json","date","2024-07-27","2024-07-27","✅"
"4.json","invoice_number","T8010001140514","T8010001140514","✅"
"4.json","store_name","三井のリパーク リバーク恵比寿西1丁目第2","三井不動産リアルティ","✅"
"4.json","tax_10_amount","7700","7700","✅"
"4.json","tax_8_amount","0","0","✅"
"4.json","total_amount","7700","7700","✅"
"5.json","date","2024-07-27","2024-07-27","✅"
"5.json","invoice_number","","T8010801018001","❌"
"5.json","store_name","国際自動車株式会社 東雲営業所","国際自動車","✅"
"5.json","tax_10_amount","0","3000","❌"
"5.json","tax_8_amount","272","0","❌"
"5.json","total_amount","3000","3000","✅"
"6.json","date","2024-07-27","2024-07-27","✅"
"6.json","invoice_number","T7010801014496","T7010801014496","✅"
"6.json","store_name","東京食賓館","東京食賓館","✅"
"6.json","tax_10_amount","0","0","✅"
"6.json","tax_8_amount","4000","4320","❌"
"6.json","total_amount","4320","4320","✅"
"7.json","date","2024-07-26","2024-07-26","✅"
"7.json","invoice_number","T8010001140514","T8010001140514","✅"
"7.json","store_name","三井のリパーク リバ葱比寿4丁目第6","三井不動産リアルティ","✅"
"7.json","tax_10_amount","1980","1980","✅"
"7.json","tax_8_amount","0","0","✅"
"7.json","total_amount","1980","1980","✅"
"8.json","date","2024-07-26","2024-07-26","✅"
"8.json","invoice_number","T3012401012446","T3012401012446","✅"
"8.json","store_name","寿交通株式会社","寿交通","✅"
"8.json","tax_10_amount","90","1000","❌"
"8.json","tax_8_amount","0","0","✅"
"8.json","total_amount","1000","1000","✅"
"9.json","date","2024-07-25","2024-07-25","✅"
"9.json","invoice_number","T4290001010081","T4290001010081","✅"
"9.json","store_name","株式会社福住","福住","✅"
"9.json","tax_10_amount","200","200","✅"
"9.json","tax_8_amount","0","0","✅"
"9.json","total_amount","200","200","✅"
"10.json","date","2024-07-24","2024-07-24","✅"
"10.json","invoice_number","T2290001025387","T2290001025387","✅"
"10.json","store_name","至極の焼鳥","至極の焼鳥種や","✅"
"10.json","tax_10_amount","0","20460","❌"
"10.json","tax_8_amount","0","0","✅"
"10.json","total_amount","20460","20460","✅"
"11.json","date","2024-07-24","2024-07-24","✅"
"11.json","invoice_number","T8290002002660","T8290002002660","✅"
"11.json","store_name","うなぎの黒田屋","うなぎの黒田屋","✅"
"11.json","tax_10_amount","7300","7300","✅"
"11.json","tax_8_amount","0","0","✅"
"11.json","total_amount","7300","7300","✅"
"12.json","date","2024-07-23","2024-07-23","✅"
"12.json","invoice_number","T2290001017087","T2290001017087","✅"
"12.json","store_name","Paper Plus","ペーパープラス","✅"
"12.json","tax_10_amount","1970","2167","❌"
"12.json","tax_8_amount","0","0","✅"
"12.json","total_amount","2167","2167","✅"
"13.json","date","2024-07-22","2024-07-22","✅"
"13.json","invoice_number","T13290002024635","T3290002024635","❌"
"13.json","store_name","Sailer","Sailer","✅"
"13.json","tax_10_amount","2400","2400","✅"
"13.json","tax_8_amount","0","0","✅"
"13.json","total_amount","2400","2400","✅"
"14.json","date","2024-07-20","2024-07-20","✅"
"14.json","invoice_number","T2290001069970","T2290001069970","✅"
"14.json","store_name","CONSI CAMP @裏大名","COWSI CAMP","✅"
"14.json","tax_10_amount","0","23700","❌"
"14.json","tax_8_amount","0","0","✅"
"14.json","total_amount","23700","23700","✅"
"15.json","date","2024-07-20","2024-07-20","✅"
"15.json","invoice_number","T1290001024349","T1290001024349","✅"
"15.json","store_name","エフパーキングシステムズ","株エフパーキングシステムズ","✅"
"15.json","tax_10_amount","60","600","❌"
"15.json","tax_8_amount","0","0","✅"
"15.json","total_amount","600","600","✅"
"16.json","date","2024-07-19","2024-07-19","✅"
"16.json","invoice_number","T4010001137274","T4010001137274","✅"
"16.json","store_name","銀天町1丁目駐車場","タイムズ24","✅"
"16.json","tax_10_amount","0","220","❌"
"16.json","tax_8_amount","0","0","✅"
"16.json","total_amount","220","220","✅"
"17.json","date","2024-07-19","2024-07-19","✅"
"17.json","invoice_number","T9290001025414","T9290001025414","✅"
"17.json","store_name","ドラッグストア コスモス 春日宝町店","ディスカウントドラッグコスモス","✅"
"17.json","tax_10_amount","298","298","✅"
"17.json","tax_8_amount","0","0","✅"
"17.json","total_amount","298","298","✅"
"18.json","date","2024-07-19","2024-07-19","✅"
"18.json","invoice_number","","","✅"
"18.json","store_name","La Festa","La Festa","✅"
"18.json","tax_10_amount","0","3500","❌"
"18.json","tax_8_amount","0","0","✅"
"18.json","total_amount","3500","3500","✅"
"19.json","date","2021-07-18","2024-07-18","❌"
"19.json","invoice_number","","T8290001020894","❌"
"19.json","store_name","大和ハウスパーキング(株)","大和ハウスパーキング","✅"
"19.json","tax_10_amount","0","300","❌"
"19.json","tax_8_amount","0","0","✅"
"19.json","total_amount","300","300","✅"
"20.json","date","2024-07-17","2024-07-17","✅"
"20.json","invoice_number","T9810184360367","T9810184360367","✅"
"20.json","store_name","鰻の成瀬 福岡姪浜店","鰻の成瀬","✅"
"20.json","tax_10_amount","4300","4300","✅"
"20.json","tax_8_amount","0","0","✅"
"20.json","total_amount","4300","4300","✅"
"21.json","date","2024-07-17","2024-07-17","✅"
"21.json","invoice_number","","","✅"
"21.json","store_name","パークス姪浜","パークス姪浜","✅"
"21.json","tax_10_amount","100","100","✅"
"21.json","tax_8_amount","0","0","✅"
"21.json","total_amount","100","100","✅"
"22.json","date","2024-07-17","2024-07-17","✅"
"22.json","invoice_number","T4180301005461","T4180301005461","✅"
"22.json","store_name","キャナリイ・ロウ 福岡春日店","Cannery Row","✅"
"22.json","tax_10_amount","15235","15235","✅"
"22.json","tax_8_amount","0","0","✅"
"22.json","total_amount","15235","15235","✅"
"23.json","date","2024-07-16","2024-07-16","✅"
"23.json","invoice_number","T829000","T8290001020894","❌"
"23.json","store_name","大和ハウスパーキング(株)","大和ハウスパーキング","✅"
"23.json","tax_10_amount","200","200","✅"
"23.json","tax_8_amount","0","0","✅"
"23.json","total_amount","200","200","✅"
"24.json","date","2024-07-15","2024-07-15","✅"
"24.json","invoice_number","T5120001253919","T5120001253919","✅"
"24.json","store_name","ラウンドワン 福岡天神店","ラウンドワン","✅"
"24.json","tax_10_amount","1905","20960","❌"
"24.json","tax_8_amount","0","0","✅"
"24.json","total_amount","720960","20960","❌"
"25.json","date","2024-07-15","2024-07-15","✅"
"25.json","invoice_number","","","✅"
"25.json","store_name","エステート・モア天神CP","エステートモア天神CP","✅"
"25.json","tax_10_amount","0","1700","❌"
"25.json","tax_8_amount","0","0","✅"
"25.json","total_amount","1700","1700","✅"
"26.json","date","2024-07-14","2024-07-14","✅"
"26.json","invoice_number","","","✅"
"26.json","store_name","Snack &c","Snack &c","✅"
"26.json","tax_10_amount","0","8300","❌"
"26.json","tax_8_amount","0","0","✅"
"26.json","total_amount","48300","8300","❌"
"27.json","date","2024-07-14","2024-07-14","✅"
"27.json","invoice_number","T9290001032617","T9290001032617","✅"
"27.json","store_name","株式会社アルゴリズム","アルゴリズム","✅"
"27.json","tax_10_amount","0","600","❌"
"27.json","tax_8_amount","0","0","✅"
"27.json","total_amount","600","600","✅"
"28.json","date","2024-07-13","2024-07-13","✅"
"28.json","invoice_number","T6290002028583","T6290002028583","✅"
"28.json","store_name","博多どげん海","博多どげん海","✅"
"28.json","tax_10_amount","0","6700","❌"
"28.json","tax_8_amount","0","0","✅"
"28.json","total_amount","6700","6700","✅"
"29.json","date","2021-07-13","2024-07-13","❌"
"29.json","invoice_number","","","✅"
"29.json","store_name","花うらら 博多駅前店","花うらら","✅"
"29.json","tax_10_amount","0","14000","❌"
"29.json","tax_8_amount","0","0","✅"
"29.json","total_amount","14000","14000","✅"
"30.json","date","2024-07-13","2024-07-13","✅"
"30.json","invoice_number","T1290001056598","T1290001056598","✅"
"30.json","store_name","(株)SEED","Club Sakura","✅"
"30.json","tax_10_amount","15000","15000","✅"
"30.json","tax_8_amount","0","0","✅"
"30.json","total_amount","15000","15000","✅"
"31.json","date","2024-07-13","2024-07-13","✅"
"31.json","invoice_number","T40100","","❌"
"31.json","store_name","タイムズ福岡合同庁舎","タイムズ24","✅"
"31.json","tax_10_amount","550","550","✅"
"31.json","tax_8_amount","0","0","✅"
"31.json","total_amount","550","550","✅"
"32.json","date","2024-07-13","2024-07-13","✅"
"32.json","invoice_number","T4010001137274","","❌"
"32.json","store_name","タイムズ24株式会社","タイムズ24","✅"
"32.json","tax_10_amount","0","1210","❌"
"32.json","tax_8_amount","0","0","✅"
"32.json","total_amount","1210","1210","✅"
"33.json","date","2024-07-10","2024-07-10","✅"
"33.json","invoice_number","T8810080201989","T8810080201989","✅"
"33.json","store_name","セブンイレブン春日星見ヶ丘店","セブンイレブン","✅"
"33.json","tax_10_amount","0","3744","❌"
"33.json","tax_8_amount","0","0","✅"
"33.json","total_amount","3744","3744","✅"
"34.json","date","2024-07-10","2024-07-10","✅"
"34.json","invoice_number","T4810377407277","T4810377407277","✅"
"34.json","store_name","淡路島バーガー 福岡志免店","淡路島バーガー","✅"
"34.json","tax_10_amount","0","0","✅"
"34.json","tax_8_amount","3580","3580","✅"
"34.json","total_amount","3580","3580","✅"
"35.json","date","2009-07-24","2024-07-24","❌"
"35.json","invoice_number","","","✅"
"35.json","store_name","B & I 天神","B & I","✅"
"35.json","tax_10_amount","0","100","❌"
"35.json","tax_8_amount","0","0","✅"
"35.json","total_amount","100","100","✅"
"36.json","date","2024-07-08","2024-07-08","✅"
"36.json","invoice_number","18290002027088","T8290002027088","❌"
"36.json","store_name","市場すし 魚辰","市場すし 魚辰","✅"
"36.json","tax_10_amount","595","6555","❌"
"36.json","tax_8_amount","0","0","✅"
"36.json","total_amount","6555","6555","✅"
"37.json","date","2024-07-08","2024-07-08","✅"
"37.json","invoice_number","T18290005013779","T8290005013779","❌"
"37.json","store_name","鮮魚市場来客者第3駐車場","鮮魚市場協会","✅"
"37.json","tax_10_amount","100","100","✅"
"37.json","tax_8_amount","0","0","✅"
"37.json","total_amount","100","100","✅"
"38.json","date","2024-07-06","2024-07-06","✅"
"38.json","invoice_number","T2810817554755","T2810817554755","✅"
"38.json","store_name","唄者の店 みちこ","みちこ","✅"
"38.json","tax_10_amount","0","12000","❌"
"38.json","tax_8_amount","0","0","✅"
"38.json","total_amount","42000","12000","❌"
"39.json","date","2024-07-06","2024-07-06","✅"
"39.json","invoice_number","T9340001025375","T9340001025375","✅"
"39.json","store_name","REGINA","REGINA","✅"
"39.json","tax_10_amount","0","6200","❌"
"39.json","tax_8_amount","0","0","✅"
"39.json","total_amount","6200","6200","✅"
"40.json","date","2024-07-05","2024-07-05","✅"
"40.json","invoice_number","","T1010001092605","❌"
"40.json","store_name","ヤマト運輸(株)","ヤマト運輸","✅"
"40.json","tax_10_amount","1400","1400","✅"
"40.json","tax_8_amount","0","0","✅"
"40.json","total_amount","1400","1400","✅"
"41.json","date","2024-07-05","2024-07-05","✅"
"41.json","invoice_number","T8210001002628","T8210001002628","✅"
"41.json","store_name","システムパーク荒江1丁目","日本システムバンク","✅"
"41.json","tax_10_amount","100","100","✅"
"41.json","tax_8_amount","0","0","✅"
"41.json","total_amount","100","100","✅"
"42.json","date","2024-07-05","2024-07-05","✅"
"42.json","invoice_number","T9810858791813","T9810858791813","✅"
"42.json","store_name","スナック りり","スナックりりー","✅"
"42.json","tax_10_amount","0","19800","❌"
"42.json","tax_8_amount","0","0","✅"
"42.json","total_amount","49800","19800","❌"
"43.json","date","2024-07-05","2024-07-05","✅"
"43.json","invoice_number","T634000016278","T6340001016278","❌"
"43.json","store_name","Pub Club The S☆Spring","ザSスプリング","✅"
"43.json","tax_10_amount","0","3900","❌"
"43.json","tax_8_amount","0","0","✅"
"43.json","total_amount","3900","3900","✅"
"44.json","date","2024-07-05","2024-07-05","✅"
"44.json","invoice_number","T634000202599","T6340002021599","❌"
"44.json","store_name","酒呑屋さいさい","酒呑屋さいさい","✅"
"44.json","tax_10_amount","455","5000","❌"
"44.json","tax_8_amount","0","0","✅"
"44.json","total_amount","5000","5000","✅"
"45.json","date","2024-07-05","2024-07-05","✅"
"45.json","invoice_number","T9340002020573","T9340002020573","✅"
"45.json","store_name","HOTEL NEW AMAMI","HOTEL NEW AMAMI","✅"
"45.json","tax_10_amount","6980","6980","✅"
"45.json","tax_8_amount","0","0","✅"
"45.json","total_amount","6980","6980","✅"
"46.json","date","2024-07-04","2024-07-04","✅"
"46.json","invoice_number","T8010001094909","T8010001094909","✅"
"46.json","store_name","ハローデイ別府店","ピットデザイン","✅"
"46.json","tax_10_amount","700","700","✅"
"46.json","tax_8_amount","0","0","✅"
"46.json","total_amount","700","700","✅"
"47.json","date","2024-07-04","2024-07-04","✅"
"47.json","invoice_number","T7290001012471","T7290001012471","✅"
"47.json","store_name","ザ・パーク香椎1丁目","九州第一興商","✅"
"47.json","tax_10_amount","0","400","❌"
"47.json","tax_8_amount","0","0","✅"
"47.json","total_amount","400","400","✅"
"48.json","date","2024-07-04","2024-07-04","✅"
"48.json","invoice_number","T7290001012471","T7290001012471","✅"
"48.json","store_name","ザ・パーク香椎1丁目","九州第一興商","✅"
"48.json","tax_10_amount","0","300","❌"
"48.json","tax_8_amount","0","0","✅"
"48.json","total_amount","300","300","✅"
"49.json","date","2024-07-03","2024-07-03","✅"
"49.json","invoice_number","","","✅"
"49.json","store_name","不明","","✅"
"49.json","tax_10_amount","0","300","❌"
"49.json","tax_8_amount","0","0","✅"
"49.json","total_amount","300","300","✅"
"50.json","date","2024-06-28","2024-06-28","✅"
"50.json","invoice_number","T829000","T8290001020894","❌"
"50.json","store_name","大和ハウスパーキング","大和ハウスパーキング","✅"
"50.json","tax_10_amount","600","600","✅"
"50.json","tax_8_amount","0","0","✅"
"50.json","total_amount","600","600","✅"
"51.json","date","2024-06-28","2024-06-28","✅"
"51.json","invoice_number","T2290001025387","T2290001025387","✅"
"51.json","store_name","朧 -OBORO","種や朧","✅"
"51.json","tax_10_amount","0","18920","❌"
"51.json","tax_8_amount","0","0","✅"
"51.json","total_amount","18920","18920","✅"
"52.json","date","2024-06-28","2024-06-28","✅"
"52.json","invoice_number","T5010801007238","T5010801007238","✅"
"52.json","store_name","ロパーキング中洲3丁目PS第1","Dパーキング中洲3丁目PS第1","✅"
"52.json","tax_10_amount","1200","1200","✅"
"52.json","tax_8_amount","0","0","✅"
"52.json","total_amount","1200","1200","✅"
"53.json","date","2024-06-28","2024-06-28","✅"
"53.json","invoice_number","T7810390542982","T7810390542982","✅"
"53.json","store_name","奇術の店 西岡","奇術の店 西岡","✅"
"53.json","tax_10_amount","10000","11000","❌"
"53.json","tax_8_amount","0","0","✅"
"53.json","total_amount","11000","11000","✅"
"54.json","date","2024-06-27","2024-06-27","✅"
"54.json","invoice_number","T9810927249140","T9810927249140","✅"
"54.json","store_name","37 sunnana","37","✅"
"54.json","tax_10_amount","0","10000","❌"
"54.json","tax_8_amount","0","0","✅"
"54.json","total_amount","10000","10000","✅"
"55.json","date","2024-06-27","2024-06-27","✅"
"55.json","invoice_number","T4290001082071","T4290001082071","✅"
"55.json","store_name","福岡空港 国内線駐車場","福岡国際空港","✅"
"55.json","tax_10_amount","7500","7500","✅"
"55.json","tax_8_amount","0","0","✅"
"55.json","total_amount","7500","7500","✅"
"56.json","date","2024-06-27","2024-06-27","✅"
"56.json","invoice_number","T5290001024139","T5290001024139","✅"
"56.json","store_name","玉屋駐車場","玉屋駐車場","✅"
"56.json","tax_10_amount","700","700","✅"
"56.json","tax_8_amount","0","0","✅"
"56.json","total_amount","700","700","✅"
"57.json","date","2024-06-26","2024-06-26","✅"
"57.json","invoice_number","","","✅"
"57.json","store_name","Coute Shinagawa","ecute","✅"
"57.json","tax_10_amount","0","1290","❌"
"57.json","tax_8_amount","0","0","✅"
"57.json","total_amount","1290","1290","✅"
"58.json","date","2024-06-26","2024-06-26","✅"
"58.json","invoice_number","T3011101042662","T3011101042662","✅"
"58.json","store_name","八天堂 エキュート品川","ecute","✅"
"58.json","tax_10_amount","10","10","✅"
"58.json","tax_8_amount","1280","1280","✅"
"58.json","total_amount","1290","1290","✅"
"59.json","date","2024-06-25","2024-06-25","✅"
"59.json","invoice_number","","","✅"
"59.json","store_name","ネオハイツ大名駐車場","ネオハイツ大名駐車場","✅"
"59.json","tax_10_amount","0","1200","❌"
"59.json","tax_8_amount","0","0","✅"
"59.json","total_amount","1200","1200","✅"
"60.json","date","2024-06-25","2024-06-25","✅"
"60.json","invoice_number","","","✅"
"60.json","store_name","JR東日本スマートロジスティクス","JR東日本スマートロジスティクス","✅"
"60.json","tax_10_amount","0","500","❌"
"60.json","tax_8_amount","0","0","✅"
"60.json","total_amount","500","500","✅"
"61.json","date","2024-06-23","2024-06-23","✅"
"61.json","invoice_number","T2011801013963","T2011801013963","✅"
"61.json","store_name","kmグループ 東京太陽株式会社","東京太陽","✅"
"61.json","tax_10_amount","0","3500","❌"
"61.json","tax_8_amount","0","0","✅"
"61.json","total_amount","3500","3500","✅"
"62.json","date","2024-06-23","2024-06-23","✅"
"62.json","invoice_number","T4290001082071","T4290001082071","✅"
"62.json","store_name","福岡空港 国内線駐車場","福岡国際空港","✅"
"62.json","tax_10_amount","1000","1000","✅"
"62.json","tax_8_amount","0","0","✅"
"62.json","total_amount","1000","1000","✅"
"63.json","date","2024-06-23","2024-06-23","✅"
"63.json","invoice_number","T4290001082071","T4290001082071","✅"
"63.json","store_name","福岡空港 国内線駐車場","福岡国際空港","✅"
"63.json","tax_10_amount","1000","1000","✅"
"63.json","tax_8_amount","0","0","✅"
"63.json","total_amount","1000","1000","✅"
"64.json","date","2024-06-22","2024-06-22","✅"
"64.json","invoice_number","T4010401130622","T4010401130622","✅"
"64.json","store_name","BaneBAGUS 赤坂見附店","BaneBAGUS","✅"
"64.json","tax_10_amount","7720","7720","✅"
"64.json","tax_8_amount","0","0","✅"
"64.json","total_amount","7720","7720","✅"
"65.json","date","2024-06-19","2024-06-19","✅"
"65.json","invoice_number","T3290001070894","T3290001070894","✅"
"65.json","store_name","UOVO Itoshima Farm House","UOVO","✅"
"65.json","tax_10_amount","163","1800","❌"
"65.json","tax_8_amount","0","0","✅"
"65.json","total_amount","1800","1800","✅"
"66.json","date","2024-06-18","2024-06-18","✅"
"66.json","invoice_number","T2290002054150","T2290002054150","✅"
"66.json","store_name","天神ブライトンパーキング","ユーキルーフ","✅"
"66.json","tax_10_amount","0","400","❌"
"66.json","tax_8_amount","0","0","✅"
"66.json","total_amount","400","400","✅"
"67.json","date","2024-06-14","2024-06-14","✅"
"67.json","invoice_number","T4290001058245","T4290001058245","✅"
"67.json","store_name","ニクトサカナ/アメリカンBBQ","ニクトサカナ/アメリカンBBQ","✅"
"67.json","tax_10_amount","325","3580","❌"
"67.json","tax_8_amount","0","0","✅"
"67.json","total_amount","3580","3580","✅"
"68.json","date","2024-06-13","2024-06-13","✅"
"68.json","invoice_number","T13010401170578","T3010401170578","❌"
"68.json","store_name","エコロパークゾンクホテル中洲","エコロシティ","✅"
"68.json","tax_10_amount","200","200","✅"
"68.json","tax_8_amount","0","0","✅"
"68.json","total_amount","200","200","✅"
"69.json","date","2024-06-12","2024-06-12","✅"
"69.json","invoice_number","","","✅"
"69.json","store_name","Queen's snack Queen","snack Queen","✅"
"69.json","tax_10_amount","0","5300","❌"
"69.json","tax_8_amount","0","0","✅"
"69.json","total_amount","5300","5300","✅"
"70.json","date","2024-06-12","2024-06-12","✅"
"70.json","invoice_number","T7810160119756","T7810160119756","✅"
"70.json","store_name","club ES (クラブ エス)","クラブエス","✅"
"70.json","tax_10_amount","0","6900","❌"
"70.json","tax_8_amount","0","0","✅"
"70.json","total_amount","76900","6900","❌"
"71.json","date","2004-06-12","2024-06-12","❌"
"71.json","invoice_number","","","✅"
"71.json","store_name","一刻","一刻","✅"
"71.json","tax_10_amount","0","10000","❌"
"71.json","tax_8_amount","0","0","✅"
"71.json","total_amount","10000","10000","✅"
"72.json","date","2024-06-12","2024-06-12","✅"
"72.json","invoice_number","","","✅"
"72.json","store_name","Kawashima","Kawashima","✅"
"72.json","tax_10_amount","0","2080","❌"
"72.json","tax_8_amount","0","0","✅"
"72.json","total_amount","2080","2080","✅"
"73.json","date","2024-06-12","2024-06-12","✅"
"73.json","invoice_number","T6290001041190","T6290001041190","✅"
"73.json","store_name","マルキョウ 開尻店","マルキョウ","✅"
"73.json","tax_10_amount","738","778","❌"
"73.json","tax_8_amount","40","0","❌"
"73.json","total_amount","778","778","✅"
"74.json","date","2024-06-11","2024-06-11","✅"
"74.json","invoice_number","T2290002054150","T2290002054150","✅"
"74.json","store_name","天神ブライトンパーキング","ユーキルーフ","✅"
"74.json","tax_10_amount","200","200","✅"
"74.json","tax_8_amount","0","0","✅"
"74.json","total_amount","200","200","✅"
"75.json","date","2024-06-11","2024-06-11","✅"
"75.json","invoice_number","T9310001010719","T9310001010719","✅"
"75.json","store_name","COSMO ハートフル宝町","cosmo","✅"
"75.json","tax_10_amount","1500","1500","✅"
"75.json","tax_8_amount","0","0","✅"
"75.json","total_amount","1500","1500","✅"
"76.json","date","2024-06-11","2024-06-11","✅"
"76.json","invoice_number","T3010401170578","T3010401170578","✅"
"76.json","store_name","エコロパークゾンクホテル中洲","エコロシティ","✅"
"76.json","tax_10_amount","200","200","✅"
"76.json","tax_8_amount","0","0","✅"
"76.json","total_amount","200","200","✅"
"77.json","date","2024-06-10","2024-06-11","❌"
"77.json","invoice_number","T13010401170578","T3010401170578","❌"
"77.json","store_name","エコロシティ株式会社","エコロシティ","✅"
"77.json","tax_10_amount","2000","2000","✅"
"77.json","tax_8_amount","0","0","✅"
"77.json","total_amount","2000","2000","✅"
"78.json","date","2024-06-09","2024-06-09","✅"
"78.json","invoice_number","","","✅"
"78.json","store_name","グローリーサービス株式会社","グローリーサービス","✅"
"78.json","tax_10_amount","0","700","❌"
"78.json","tax_8_amount","0","0","✅"
"78.json","total_amount","700","700","✅"
"79.json","date","2024-06-09","2024-06-09","✅"
"79.json","invoice_number","","T4090001010936","❌"
"79.json","store_name","Hawaii KA'U COFFEE お台場店","Hawaii KAU COFFEE","✅"
"79.json","tax_10_amount","313","3450","❌"
"79.json","tax_8_amount","0","0","✅"
"79.json","total_amount","3450","3450","✅"
"80.json","date","2024-06-09","2024-06-09","✅"
"80.json","invoice_number","T4010502011102","T4010502011102","✅"
"80.json","store_name","浅草 鶏よし","鶏よし","✅"
"80.json","tax_10_amount","4850","5335","❌"
"80.json","tax_8_amount","0","0","✅"
"80.json","total_amount","5335","5335","✅"
"81.json","date","2024-06-09","2024-06-09","✅"
"81.json","invoice_number","","","✅"
"81.json","store_name","GRAND CASTELLA","GRAND CASTELLA","✅"
"81.json","tax_10_amount","0","0","✅"
"81.json","tax_8_amount","1000","1000","✅"
"81.json","total_amount","1000","1000","✅"
"82.json","date","2024-06-08","2024-06-09","❌"
"82.json","invoice_number","T4290001082071","T4290001082071","✅"
"82.json","store_name","福岡空港 国内線駐車場","福岡国際空港","✅"
"82.json","tax_10_amount","7000","7000","✅"
"82.json","tax_8_amount","0","0","✅"
"82.json","total_amount","7000","7000","✅"
"83.json","date","2024-06-09","2024-06-09","✅"
"83.json","invoice_number","","","✅"
"83.json","store_name","トウキョウショクヒンカントケイダイ3バン","トウキョウショクヒンカントケイダイ3バン","✅"
"83.json","tax_10_amount","0","2646","❌"
"83.json","tax_8_amount","0","0","✅"
"83.json","total_amount","2646","2646","✅"
"84.json","date","2024-06-09","2024-06-09","✅"
"84.json","invoice_number","T7010801014496","T7010801014496","✅"
"84.json","store_name","東京食賓館B","日本空港ビルディング","✅"
"84.json","tax_10_amount","0","0","✅"
"84.json","tax_8_amount","196","2646","❌"
"84.json","total_amount","2646","2646","✅"
"85.json","date","2024-06-08","2024-06-08","✅"
"85.json","invoice_number","T1013301013362","T1013301013362","✅"
"85.json","store_name","ラーメン餃子館 - 小次郎 -","ラーメン餃子館小次郎","✅"
"85.json","tax_10_amount","3960","3960","✅"
"85.json","tax_8_amount","0","0","✅"
"85.json","total_amount","3960","3960","✅"
"86.json","date","2024-06-08","2024-06-08","✅"
"86.json","invoice_number","T9011101048118","T9011101048118","✅"
"86.json","store_name","タリーズコーヒー福岡空港出発ゲート店","タリーズコーヒー","✅"
"86.json","tax_10_amount","0","0","✅"
"86.json","tax_8_amount","1726","1726","✅"
"86.json","total_amount","1726","1726","✅"
"87.json","date","2024-06-08","2024-06-08","✅"
"87.json","invoice_number","T9310001006832","T9310001006832","✅"
"87.json","store_name","アイラブカスタードヌフヌフ 福岡空港店","アイラブカスタードヌフヌフ","✅"
"87.json","tax_10_amount","0","0","✅"
"87.json","tax_8_amount","1998","1998","✅"
"87.json","total_amount","1998","1998","✅"
"88.json","date","2024-06-08","2024-06-08","✅"
"88.json","invoice_number","","","✅"
"88.json","store_name","アイラブカスタードヌフヌフ","アイラブカスタードヌフヌフ","✅"
"88.json","tax_10_amount","0","1998","❌"
"88.json","tax_8_amount","0","0","✅"
"88.json","total_amount","1998","1998","✅"
"89.json","date","2024-06-07","2024-06-07","✅"
"89.json","invoice_number","T6810743565731","T6810743565731","✅"
"89.json","store_name","魚久精肉総本店","魚久精肉総本店","✅"
"89.json","tax_10_amount","0","0","✅"
"89.json","tax_8_amount","2250","2250","✅"
"89.json","total_amount","2250","2250","✅"
"90.json","date","2024-06-05","2024-06-05","✅"
"90.json","invoice_number","T8290002029844","T8290002029844","✅"
"90.json","store_name","玄海丸トリアス久山店","玄海丸","✅"
"90.json","tax_10_amount","6644","6644","✅"
"90.json","tax_8_amount","0","0","✅"
"90.json","total_amount","6644","6644","✅"
"91.json","date","2024-06-04","2024-06-04","✅"
"91.json","invoice_number","T8010401043696","T8010401043696","✅"
"91.json","store_name","パラカパーキング 103","パラカ","✅"
"91.json","tax_10_amount","1800","1800","✅"
"91.json","tax_8_amount","0","0","✅"
"91.json","total_amount","1800","1800","✅"
"92.json","date","2024-06-04","2024-06-04","✅"
"92.json","invoice_number","T2290002029016","T2290002029016","✅"
"92.json","store_name","Club ROE","Club ROE","✅"
"92.json","tax_10_amount","1364","15000","❌"
"92.json","tax_8_amount","0","0","✅"
"92.json","total_amount","15000","15000","✅"
"93.json","date","2024-06-04","2024-06-04","✅"
"93.json","invoice_number","T3020001019596","T3020001019596","✅"
"93.json","store_name","西新駐車場","西新駐車場","✅"
"93.json","tax_10_amount","200","200","✅"
"93.json","tax_8_amount","0","0","✅"
"93.json","total_amount","200","200","✅"
"94.json","date","2024-06-04","2024-06-04","✅"
"94.json","invoice_number","","","✅"
"94.json","store_name","西川文具","西川文具","✅"
"94.json","tax_10_amount","0","550","❌"
"94.json","tax_8_amount","0","0","✅"
"94.json","total_amount","550","550","✅"
"95.json","date","2024-06-04","2024-06-04","✅"
"95.json","invoice_number","T2290001095083","T2290001095083","✅"
"95.json","store_name","CLUB BLAN","CLUB BLAN","✅"
"95.json","tax_10_amount","1637","18000","❌"
"95.json","tax_8_amount","0","0","✅"
"95.json","total_amount","18000","18000","✅"
"96.json","date","2024-06-04","2024-06-04","✅"
"96.json","invoice_number","T9290001014128","T9290001014128","✅"
"96.json","store_name","セイワパーク株式会社","セイワパーク","✅"
"96.json","tax_10_amount","0","600","❌"
"96.json","tax_8_amount","0","0","✅"
"96.json","total_amount","600","600","✅"
"97.json","date","2024-06-04","2024-06-04","✅"
"97.json","invoice_number","T2290001017087","T2290001017087","✅"
"97.json","store_name","Paper Plus","ペーパープラス","✅"
"97.json","tax_10_amount","24500","26950","❌"
"97.json","tax_8_amount","0","0","✅"
"97.json","total_amount","26950","26950","✅"
"98.json","date","2024-06-03","2024-06-03","✅"
"98.json","invoice_number","T9290001014128","T9290001014128","✅"
"98.json","store_name","セイワパーク春日公園駐車場","セイワパーク","✅"
"98.json","tax_10_amount","0","400","❌"
"98.json","tax_8_amount","0","0","✅"
"98.json","total_amount","400","400","✅"
"99.json","date","2024-06-02","2024-06-02","✅"
"99.json","invoice_number","T4290001082071","T4290001082071","✅"
"99.json","store_name","福岡国際空港株式会社","福岡国際空港","✅"
"99.json","tax_10_amount","1500","1500","✅"
"99.json","tax_8_amount","0","0","✅"
"99.json","total_amount","1500","1500","✅"
"100.json","date","2024-06-02","2024-06-02","✅"
"100.json","invoice_number","T1310001011014","T1310001011014","✅"
"100.json","store_name","福江空港ターミナルビル株式会社","福江空港ターミナルビル","✅"
"100.json","tax_10_amount","0","0","✅"
"100.json","tax_8_amount","2500","2700","❌"
"100.json","total_amount","2700","2700","✅"